{
  "train_loss": [
    1.131000445698792,
    0.4727815018509919,
    0.33688058943118687,
    0.26614523243229343,
    0.2198316201848804,
    0.19093401983099165,
    0.1688916913743289,
    0.1460687868156523,
    0.12929948531794097,
    0.12057981583869683,
    0.11015131985241512,
    0.10272550048693171,
    0.09784000127945307,
    0.09133575758281744,
    0.08740407031662059,
    0.0831727533126777,
    0.08134042352156819,
    0.07987809954386837,
    0.07870114552524854,
    0.07823981028401626
  ],
  "train_miou": [
    0.12880130512009688,
    0.18602510738699418,
    0.23207263388117952,
    0.2794512303817977,
    0.318185002482285,
    0.33903337493929614,
    0.36856995492456407,
    0.427971334420729,
    0.46831857582583497,
    0.4875904281972485,
    0.5042714346957659,
    0.5214597613098545,
    0.5383135139316405,
    0.5609596190186673,
    0.5697625881819565,
    0.5796632900299639,
    0.5836641569488928,
    0.5862840979337856,
    0.5890156429848612,
    0.5906061335220968
  ],
  "train_mdice": [
    0.15168221573106885,
    0.22074824475362514,
    0.27501812418257204,
    0.330420092505371,
    0.36707437096743883,
    0.38687210274679296,
    0.42547317559699444,
    0.4957610697393209,
    0.5346564082971523,
    0.5522332436234614,
    0.5657078133027892,
    0.582197192445935,
    0.6025582815047729,
    0.622906400812671,
    0.6296993837375521,
    0.6370215681256406,
    0.6399613373251422,
    0.6419563167675055,
    0.6438599073956175,
    0.6451936714986233
  ],
  "val_miou": [
    0.14796062184414838,
    0.1907099158665124,
    0.24382685029353768,
    0.29461015347485664,
    0.32206896747609226,
    0.30879186369516254,
    0.37995457395059035,
    0.43850416188291724,
    0.4910045852677744,
    0.5037588677974211,
    0.5126085143611815,
    0.5242090693229641,
    0.5480848749662118,
    0.5459762333239488,
    0.5687825145211733,
    0.5764709010883784,
    0.5763433114033318,
    0.5804586223909367,
    0.5823520848916828,
    0.5815787895838641
  ],
  "val_mdice": [
    0.17239183976554828,
    0.2301074107114043,
    0.2881810710812758,
    0.34903885270927615,
    0.36990953157178175,
    0.36555317696679235,
    0.43853542037610677,
    0.5103821868767198,
    0.5551311975270764,
    0.5653180783798857,
    0.5737460600014863,
    0.585071804985729,
    0.6115728619584707,
    0.6102607222059919,
    0.6286808501360087,
    0.6343526011672606,
    0.6346605610381045,
    0.6374565999792366,
    0.6390849652058086,
    0.6382175448530922
  ]
}