{
  "experiment": "Baseline_NoLoRA",
  "use_lora": false,
  "rank": 0,
  "alpha": 0,
  "lora_dropout": 0.1,
  "test_accuracy": 80.96,
  "trainable_params": 38500,
  "best_val_acc": 80.46,
  "train_losses": [
    0.9570281015184191,
    0.6098232811292013,
    0.5478929703659482,
    0.5055425517294142,
    0.4583474744266934,
    0.4398118406507704,
    0.4054789226161109,
    0.3888349099053277,
    0.3734890436490377,
    0.36675265114572314
  ],
  "val_losses": [
    0.755861987400055,
    0.7568227886199951,
    0.7556623537063598,
    0.7355395458221435,
    0.7296057363510132,
    0.7078781737327575,
    0.7020940984725952,
    0.693449148273468,
    0.6898369636535645,
    0.6854992663383483
  ],
  "train_accs": [
    74.81777777777778,
    81.79777777777778,
    83.44,
    84.44888888888889,
    85.8,
    86.28888888888889,
    87.23555555555555,
    87.86888888888889,
    88.41111111111111,
    88.59555555555555
  ],
  "val_accs": [
    77.84,
    78.72,
    78.24,
    79.4,
    79.42,
    79.64,
    80.12,
    80.46,
    80.16,
    80.46
  ]
}