{
  "experiment": "LoRA_r8_a8_d0.1",
  "use_lora": true,
  "rank": 8,
  "alpha": 8,
  "lora_dropout": 0.1,
  "test_accuracy": 89.74,
  "trainable_params": 185956,
  "best_val_acc": 89.14,
  "train_losses": [
    0.6104184977319506,
    0.305133153763579,
    0.23290457744068568,
    0.1835069549057219,
    0.13694110962814754,
    0.10125077176955011,
    0.0742600103971031,
    0.058511078476243546,
    0.04683333059863912,
    0.04089440669040713
  ],
  "val_losses": [
    0.43521059005260465,
    0.428267861109972,
    0.43347105778455736,
    0.43146109433174135,
    0.43892510195970535,
    0.4491690645813942,
    0.43458078525811433,
    0.43632591437101365,
    0.4313501204162836,
    0.4291196763291955
  ],
  "train_accs": [
    83.32888888888888,
    90.42888888888889,
    92.52444444444444,
    93.92222222222222,
    95.36666666666666,
    96.66,
    97.57111111111111,
    98.23555555555555,
    98.66888888888889,
    98.94
  ],
  "val_accs": [
    86.86,
    86.86,
    88.0,
    87.88,
    88.42,
    88.4,
    88.84,
    88.84,
    89.06,
    89.14
  ]
}