{
  "experiment": "LoRA_r8_a4_d0.1",
  "use_lora": true,
  "rank": 8,
  "alpha": 4,
  "lora_dropout": 0.1,
  "test_accuracy": 89.54,
  "trainable_params": 185956,
  "best_val_acc": 89.5,
  "train_losses": [
    0.615423678027259,
    0.30426925669329036,
    0.23521667563650342,
    0.18654717732601694,
    0.14339865940411886,
    0.11029803311477104,
    0.08580053511096372,
    0.06896403691156043,
    0.057486797693371776,
    0.05094763688163625
  ],
  "val_losses": [
    0.4316996512174606,
    0.41727331703901294,
    0.41575840701460837,
    0.4262482924938202,
    0.4218341284513474,
    0.44074146429896355,
    0.418100707834959,
    0.41844401170164347,
    0.41388553521335125,
    0.4114435152024031
  ],
  "train_accs": [
    83.21555555555555,
    90.31111111111112,
    92.37555555555555,
    93.82222222222222,
    95.14888888888889,
    96.27333333333333,
    97.16222222222223,
    97.82444444444444,
    98.32222222222222,
    98.54888888888888
  ],
  "val_accs": [
    87.08,
    87.08,
    88.62,
    87.96,
    88.78,
    88.3,
    89.06,
    88.94,
    89.36,
    89.5
  ]
}