{
  "experiment": "LoRA_r2_a2_d0.1",
  "use_lora": true,
  "rank": 2,
  "alpha": 2,
  "lora_dropout": 0.1,
  "test_accuracy": 89.12,
  "trainable_params": 75364,
  "best_val_acc": 88.9,
  "train_losses": [
    0.6288164158185323,
    0.314382273402479,
    0.2510069356833895,
    0.2048346361729834,
    0.17005534180535212,
    0.13826557850837706,
    0.11345661028491126,
    0.09798789744244682,
    0.09007127023273044,
    0.07993007798459795
  ],
  "val_losses": [
    0.42709831256866454,
    0.4250236070036888,
    0.4115424920618534,
    0.40597858376502993,
    0.4100501012444496,
    0.41701948648095133,
    0.4226893649816513,
    0.41466618792414667,
    0.41538193341493607,
    0.412807893627882
  ],
  "train_accs": [
    82.87555555555555,
    90.13777777777777,
    91.94444444444444,
    93.33111111111111,
    94.25333333333333,
    95.33111111111111,
    96.18888888888888,
    96.94444444444444,
    97.26222222222222,
    97.62666666666667
  ],
  "val_accs": [
    87.1,
    87.44,
    88.22,
    88.66,
    88.64,
    88.38,
    88.62,
    88.9,
    88.76,
    88.82
  ]
}