{
  "experiment": "LoRA_r8_a8_d0.1_partial2",
  "use_lora": true,
  "rank": 8,
  "alpha": 8,
  "lora_dropout": 0.1,
  "partial_unfreeze_last_n": 2,
  "test_accuracy": 89.9,
  "trainable_params": 185956,
  "best_val_acc": 89.16,
  "train_losses": [
    0.6106381785498725,
    0.30486375764691165,
    0.23234133389525943,
    0.1822268189766341,
    0.13808781748877633,
    0.10109241002504196,
    0.07417551818026437,
    0.05792269966320859,
    0.04678002645224333,
    0.04059479501479202
  ],
  "val_losses": [
    0.4310827214956284,
    0.424988683617115,
    0.43151007727384566,
    0.4338936048269272,
    0.43282793122529983,
    0.44506682988852264,
    0.4272884423002601,
    0.4336864330649376,
    0.4266651106387377,
    0.4233302793070674
  ],
  "train_accs": [
    83.4,
    90.39555555555556,
    92.51555555555555,
    93.98,
    95.31777777777778,
    96.58444444444444,
    97.59333333333333,
    98.26222222222222,
    98.69111111111111,
    98.93111111111111
  ],
  "val_accs": [
    86.96,
    86.68,
    87.78,
    87.64,
    88.52,
    88.44,
    88.74,
    88.88,
    89.16,
    89.06
  ]
}