{
  "experiment": "LoRA_r8_a2_d0.1",
  "use_lora": true,
  "rank": 8,
  "alpha": 2,
  "lora_dropout": 0.1,
  "test_accuracy": 89.49,
  "trainable_params": 185956,
  "best_val_acc": 89.48,
  "train_losses": [
    0.6234521499845717,
    0.30818937312596373,
    0.24192163043551976,
    0.19567564043932492,
    0.15451363841162788,
    0.12492657564729452,
    0.09976051640113195,
    0.08314259816937976,
    0.07242236561907663,
    0.06533893994192283
  ],
  "val_losses": [
    0.4392938827037811,
    0.4176974034070969,
    0.41878514704704284,
    0.4257791847229004,
    0.41732025253772737,
    0.42910336657464504,
    0.41233081026077273,
    0.4096421180993319,
    0.4052813677251339,
    0.403619089025259
  ],
  "train_accs": [
    83.12444444444445,
    90.31777777777778,
    92.16222222222223,
    93.51555555555555,
    94.81333333333333,
    95.79555555555555,
    96.66222222222223,
    97.34666666666666,
    97.83333333333333,
    98.1
  ],
  "val_accs": [
    86.9,
    87.16,
    88.26,
    87.86,
    88.62,
    88.08,
    88.84,
    89.0,
    89.42,
    89.48
  ]
}