{
  "experiment": "LoRA_r4_a2_d0.1",
  "use_lora": true,
  "rank": 4,
  "alpha": 2,
  "lora_dropout": 0.1,
  "test_accuracy": 89.4,
  "trainable_params": 112228,
  "best_val_acc": 89.0,
  "train_losses": [
    0.6219539318296644,
    0.31333050388760036,
    0.24233186310927074,
    0.19742556426260208,
    0.16151798759036595,
    0.13159418866170777,
    0.10653158382972082,
    0.08884160811089807,
    0.07995436678495672,
    0.0720029958917035
  ],
  "val_losses": [
    0.46208908801078796,
    0.3995974565982819,
    0.4114316125512123,
    0.40079732804894447,
    0.42938683549761775,
    0.4171451669275761,
    0.413893619966507,
    0.4058124934434891,
    0.40492527332901956,
    0.40545698553323745
  ],
  "train_accs": [
    83.11555555555556,
    90.22,
    92.18,
    93.38222222222223,
    94.65333333333334,
    95.60888888888888,
    96.57111111111111,
    97.18,
    97.51777777777778,
    97.89777777777778
  ],
  "val_accs": [
    86.16,
    88.32,
    88.14,
    88.78,
    87.66,
    88.08,
    88.7,
    89.0,
    88.96,
    88.98
  ]
}