{
  "experiment": "LoRA_r2_a4_d0.1",
  "use_lora": true,
  "rank": 2,
  "alpha": 4,
  "lora_dropout": 0.1,
  "test_accuracy": 89.04,
  "trainable_params": 75364,
  "best_val_acc": 88.76,
  "train_losses": [
    0.6227857195218404,
    0.3149239996790886,
    0.2522750726830628,
    0.2049666129357285,
    0.16887759070396424,
    0.13601282392607794,
    0.10852155330446031,
    0.09262455348769824,
    0.08343207943836847,
    0.07374280444516076
  ],
  "val_losses": [
    0.43104979646205904,
    0.42818405900001527,
    0.4120034937441349,
    0.41372602285146715,
    0.42172144894599917,
    0.42835855951309204,
    0.43617369513511656,
    0.42718939431905745,
    0.425749638736248,
    0.42286645070314405
  ],
  "train_accs": [
    82.96222222222222,
    90.01777777777778,
    91.8488888888889,
    93.4,
    94.36888888888889,
    95.45111111111112,
    96.3488888888889,
    97.10444444444444,
    97.42444444444445,
    97.88222222222223
  ],
  "val_accs": [
    86.76,
    87.7,
    88.2,
    88.14,
    88.44,
    88.22,
    88.4,
    88.72,
    88.72,
    88.76
  ]
}