{
  "experiment": "LoRA_r4_a8_d0.1",
  "use_lora": true,
  "rank": 4,
  "alpha": 8,
  "lora_dropout": 0.1,
  "test_accuracy": 89.69,
  "trainable_params": 112228,
  "best_val_acc": 88.94,
  "train_losses": [
    0.6131812194718255,
    0.31533899851904973,
    0.2420171960261133,
    0.19390079351266226,
    0.15695077120926645,
    0.12101825202703476,
    0.09179142994880676,
    0.07251126864088907,
    0.06225304010874695,
    0.05525775570946021
  ],
  "val_losses": [
    0.4663971330165863,
    0.4120243851184845,
    0.4142747978210449,
    0.4074227163165808,
    0.4352608735382557,
    0.43024640730023384,
    0.42691111245155333,
    0.4217826104402542,
    0.4199695958018303,
    0.4201686376810074
  ],
  "train_accs": [
    83.04888888888888,
    90.19777777777777,
    92.26666666666667,
    93.67777777777778,
    94.79333333333334,
    96.00444444444445,
    97.00888888888889,
    97.73333333333333,
    98.15777777777778,
    98.41777777777777
  ],
  "val_accs": [
    85.92,
    87.9,
    88.02,
    88.36,
    87.58,
    88.2,
    88.78,
    88.86,
    88.94,
    88.88
  ]
}