{
  "experiment": "LoRA_r4_a4_d0.1",
  "use_lora": true,
  "rank": 4,
  "alpha": 4,
  "lora_dropout": 0.1,
  "test_accuracy": 89.72,
  "trainable_params": 112228,
  "best_val_acc": 89.0,
  "train_losses": [
    0.615666593085395,
    0.3110799216694302,
    0.23923926701015896,
    0.19339100593593386,
    0.1562260484026538,
    0.12320285304586093,
    0.09664375223053827,
    0.07909897534979714,
    0.06931164551079273,
    0.062254385326637164
  ],
  "val_losses": [
    0.4620056445121765,
    0.39662352552413943,
    0.41118305533528327,
    0.39642629345059394,
    0.4321235102593899,
    0.42512590934038164,
    0.42000805978775024,
    0.4123794448852539,
    0.4126762941479683,
    0.4137906268596649
  ],
  "train_accs": [
    83.13555555555556,
    90.29777777777778,
    92.3,
    93.59555555555555,
    94.82222222222222,
    95.9088888888889,
    96.90444444444445,
    97.50444444444445,
    97.88666666666667,
    98.16
  ],
  "val_accs": [
    85.74,
    88.26,
    88.04,
    88.86,
    87.68,
    88.4,
    88.58,
    89.0,
    88.92,
    89.0
  ]
}