{
  "experiment": "LoRA_r2_a8_d0.1",
  "use_lora": true,
  "rank": 2,
  "alpha": 8,
  "lora_dropout": 0.1,
  "test_accuracy": 89.43,
  "trainable_params": 75364,
  "best_val_acc": 88.68,
  "train_losses": [
    0.6227571087890201,
    0.3210748260551029,
    0.25998199022279844,
    0.21086277996169195,
    0.17364862987995147,
    0.13943445753653844,
    0.10902526290946536,
    0.09081378917429182,
    0.08047385974460178,
    0.07007800107068486
  ],
  "val_losses": [
    0.439435027050972,
    0.43406886924505234,
    0.4192678019762039,
    0.4231389477491379,
    0.4284266514778137,
    0.4222517960071564,
    0.4413432765960693,
    0.4276340318441391,
    0.42501736295223236,
    0.4218326407790184
  ],
  "train_accs": [
    82.97111111111111,
    89.95333333333333,
    91.66,
    93.2,
    94.12222222222222,
    95.32666666666667,
    96.34444444444445,
    97.18,
    97.5911111111111,
    98.02222222222223
  ],
  "val_accs": [
    86.66,
    86.96,
    87.92,
    88.0,
    88.6,
    88.24,
    88.18,
    88.4,
    88.58,
    88.68
  ]
}