{
  "trial_number": 12,
  "best_val_accuracy": 89.38,
  "params": {
    "rank": 8,
    "alpha": 8,
    "lora_dropout": 0.15000000000000002,
    "lr": 0.00029296261887910244
  }
}