{
  "time_sec": 735.96,
  "time_min": 12.27,
  "final_loss": 0.0998,
  "bleu_score": 0.7566,
  "epochs": 100,
  "loss_history": [
    5.2355554797432635,
    4.064390515197407,
    3.4796246008439495,
    3.0251282128420742,
    2.6451706821268255,
    2.314965174414895,
    2.022020214796066,
    1.756652304801074,
    1.5211819036440415,
    1.30716546096585,
    1.1136885017156601,
    0.9515148382295262,
    0.806886870210821,
    0.6824980689720674,
    0.581970193575729,
    0.4996049137278037,
    0.42621607211503115,
    0.3724337877197699,
    0.3269239923493429,
    0.29421147060665215,
    0.2681923734193498,
    0.2501225592737848,
    0.2330228175629269,
    0.2207738146185875,
    0.2111508387056264,
    0.20263938104564494,
    0.19380437504838813,
    0.18905236795544625,
    0.1826448980718851,
    0.17750061852010815,
    0.1776260654018684,
    0.17007839611985467,
    0.16855353072962978,
    0.1666169911623001,
    0.1620521230115132,
    0.1614716607738625,
    0.15820720636031843,
    0.15860974202779207,
    0.15248391570692713,
    0.15069034621119498,
    0.1477706107226285,
    0.1465687809850682,
    0.14583458109674127,
    0.14143336703154175,
    0.1401450224898078,
    0.14129251675172286,
    0.13755366317927836,
    0.13786040219393644,
    0.1359130243008787,
    0.13399510342966425,
    0.1340285872701894,
    0.1330868592316454,
    0.13184334253045646,
    0.13075350589034232,
    0.12706078985197977,
    0.1251649049534039,
    0.12567188170823185,
    0.1230915559286421,
    0.12359067980538715,
    0.1225283818827434,
    0.12182736495001749,
    0.12046497155996887,
    0.11931109076196497,
    0.11936393705281344,
    0.12074025805023583,
    0.11766701062971896,
    0.1168844782831994,
    0.1169332034716552,
    0.11565082173117182,
    0.11664308182556521,
    0.1131304421377453,
    0.11445926898582415,
    0.11140417686917566,
    0.11090851033275778,
    0.11255187505686826,
    0.11088034723970024,
    0.11089930619028482,
    0.10986820715056224,
    0.11079093287275596,
    0.10672640163790095,
    0.10492652039974928,
    0.10565588147464124,
    0.10257677605206317,
    0.10563122364269062,
    0.10660524193874814,
    0.10596003119241107,
    0.10621274840086699,
    0.10618009861897339,
    0.10178125028244474,
    0.10283882204781879,
    0.1020111496983604,
    0.10153866589746692,
    0.10388303532857787,
    0.0998263532295823,
    0.09936834665184671,
    0.09957603288983757,
    0.10002921728247946,
    0.09984874324026433,
    0.10087671391665935,
    0.09978844260966235
  ],
  "bleu_history": [
    [
      1,
      0.09650544119781732
    ],
    [
      10,
      0.5013209557104351
    ],
    [
      20,
      0.5247218117437424
    ],
    [
      30,
      0.702449403014316
    ],
    [
      40,
      0.5596577952801853
    ],
    [
      50,
      0.8105610419793862
    ],
    [
      60,
      0.7698028731485314
    ],
    [
      70,
      0.4953364977799024
    ],
    [
      80,
      0.5596346682167205
    ],
    [
      90,
      0.7146704964214271
    ],
    [
      100,
      0.7566389985169093
    ]
  ]
}