{
  "lr": 0.00011116924303813608,
  "batch_size": 32,
  "num_heads": 8,
  "d_ff": 2560,
  "dropout": 0.08145056624311751
}