{
  "time_sec": 811.59,
  "time_min": 13.53,
  "final_loss": 0.1264,
  "best_bleu": 0.8369,
  "epochs": 50,
  "config": {
    "lr": 0.00011116924303813608,
    "batch_size": 32,
    "num_heads": 8,
    "d_ff": 2560,
    "dropout": 0.08145056624311751
  },
  "loss_history": [
    4.878385997569013,
    3.644809366138449,
    2.9859760915973284,
    2.460526764248532,
    2.017245483456166,
    1.6322125538498091,
    1.3078071682851482,
    1.033030035041868,
    0.8193883425386997,
    0.6454343375080146,
    0.5154089614496393,
    0.4191369657510707,
    0.3548375797834581,
    0.31194796283294157,
    0.28294674041917767,
    0.26263525806024635,
    0.2483966925855699,
    0.23663798905458058,
    0.22570164644184182,
    0.2164296851229581,
    0.2131123347591257,
    0.20403334090698141,
    0.19910459934799205,
    0.1934478249734597,
    0.19021689141345083,
    0.1862684484868881,
    0.17923437076965776,
    0.1741962705808748,
    0.17350450271772125,
    0.168118417263031,
    0.1640598982139592,
    0.16310221325723367,
    0.15970056448988706,
    0.1572116599812851,
    0.15425534018588233,
    0.1514022806907393,
    0.1506501129776528,
    0.14946448877814608,
    0.14714173483718682,
    0.14512637508334028,
    0.14165498993695505,
    0.14052395877083335,
    0.13945236122889612,
    0.13712004236606362,
    0.1360389638971763,
    0.13375721723923673,
    0.13242262085904222,
    0.1310437445869313,
    0.1287253619539247,
    0.12640752946872255
  ],
  "bleu_history": [
    [
      1,
      0.10330196386857679
    ],
    [
      5,
      0.4336166911483221
    ],
    [
      10,
      0.6625029611825693
    ],
    [
      15,
      0.7517103367612175
    ],
    [
      20,
      0.5451087893190223
    ],
    [
      25,
      0.5395171908160098
    ],
    [
      30,
      0.7379421180240293
    ],
    [
      35,
      0.4937801465599412
    ],
    [
      40,
      0.6960917409740967
    ],
    [
      45,
      0.8368836020731806
    ],
    [
      50,
      0.693933290989182
    ]
  ]
}